Instrument Serial Num,Reading #,Date,Time,Method Name,Test Label,Collimation Status,Units,Ti Concentration,Ti Error1s,V Concentration,V Error1s,Cr Concentration,Cr Error1s,Mn Concentration,Mn Error1s,Fe Concentration,Fe Error1s,Co Concentration,Co Error1s,Ni Concentration,Ni Error1s,Cu Concentration,Cu Error1s,Zn Concentration,Zn Error1s,Sr Concentration,Sr Error1s,Zr Concentration,Zr Error1s,Nb Concentration,Nb Error1s,Mo Concentration,Mo Error1s,Pd Concentration,Pd Error1s,Ag Concentration,Ag Error1s,Cd Concentration,Cd Error1s,Sn Concentration,Sn Error1s,Sb Concentration,Sb Error1s,Hf Concentration,Hf Error1s,Ta Concentration,Ta Error1s,W Concentration,W Error1s,Re Concentration,Re Error1s,Au Concentration,Au Error1s,Pb Concentration,Pb Error1s,Bi Concentration,Bi Error1s,LE Concentration,LE Error1s,Best Match,Best Match Number,2nd Match,2nd Match Number,Customer,Project No.,Location,Test Count,Operator,Component,Quality,Retest Note,Real Time 1
846430,1,8/26/2025,14:26:32,Alloy,1,No,%,<LOD,0.28708,<LOD,0.21417,<LOD,0.06899,<LOD,0.07516,<LOD,0.07176,<LOD,0.05435,<LOD,0.03371,<LOD,0.06161,8.36911,0.54475,<LOD,0.01074,<LOD,0.02049,<LOD,0.02565,<LOD,0.03545,<LOD,0.16034,<LOD,0.2387,<LOD,0.29654,<LOD,0.56598,<LOD,1.01841,<LOD,0.3542,<LOD,0.44738,<LOD,0,<LOD,0.15405,<LOD,0.08006,<LOD,0.0366,<LOD,0.04349,91.63089,0.54475,AL 7104,4.909,AL 6253,8.14652,alera,liftgate hinge,Right,151,cheyenne,Pipe,Accept,,7
846430,2,8/26/2025,14:27:15,Alloy,2,No,%,<LOD,0.13783,<LOD,0.10273,<LOD,0.06835,<LOD,0.03922,<LOD,0.04997,<LOD,0.06366,<LOD,0.03871,<LOD,0.05437,11.83461,0.64492,<LOD,0.0083,<LOD,0.01381,<LOD,0.01927,<LOD,0.02573,<LOD,0.12087,<LOD,0.18329,<LOD,0.23038,<LOD,0.42835,<LOD,0.76479,<LOD,0.26546,<LOD,0.35107,<LOD,0,<LOD,0.11177,<LOD,0.07863,<LOD,0.0253,<LOD,0.03777,88.16539,0.64492,AL 7104,8.53221,,, ,,,, ,,,, ,,,, ,,,, ,,,, ,,,, ,,,, ,,,, ,,,5.24662
846430,3,8/26/2025,14:27:30,Alloy,3,No,%,4.85981,0.48871,<LOD,0.27432,<LOD,0.0809,<LOD,0.08229,4.45494,0.26567,<LOD,0.12623,<LOD,0.03147,<LOD,0.03964,0.36703,0.02819,<LOD,0.01002,0.01234,0.00253,<LOD,0.01972,<LOD,0.02636,<LOD,0.12135,<LOD,0.18426,<LOD,0.22984,<LOD,0.45369,<LOD,0.77866,<LOD,0.17151,<LOD,0.23859,<LOD,0,<LOD,0.12993,<LOD,0.12562,<LOD,0.33153,2.6579,0.14467,87.64798,0.75744,,,,alera,liftgate hinge,Right,152,cheyenne,Pipe,Accept,,7
846430,4,8/26/2025,14:27:46,Alloy,4,No,%,<LOD,0.12915,<LOD,0.08337,<LOD,0.03287,<LOD,0.03217,<LOD,0.02789,<LOD,0.01277,<LOD,0.01772,<LOD,0.02602,<LOD,0.0163,<LOD,0.00638,<LOD,0.01257,<LOD,0.01702,<LOD,0.02063,<LOD,0.09609,<LOD,0.14354,<LOD,0.17913,<LOD,0.33937,<LOD,0.59565,<LOD,0.0778,<LOD,0.0804,<LOD,0,<LOD,0.05999,<LOD,0.03606,<LOD,0.03182,<LOD,0.03097,100,3.42203,AL 6063,0,,,,alera,liftgate hinge,Right,153,cheyenne,Pipe,Accept,,6.76607
846430,5,8/26/2025,14:28:03,Alloy,5,No,%,<LOD,0.16382,<LOD,0.06771,<LOD,0.02939,<LOD,0.02719,<LOD,0.03137,<LOD,0.01649,<LOD,0.01464,<LOD,0.02005,<LOD,0.01764,<LOD,0.00543,<LOD,0.01187,<LOD,0.015,<LOD,0.02164,<LOD,0.09158,<LOD,0.1381,<LOD,0.16964,<LOD,0.31642,<LOD,0.57108,<LOD,0.06455,<LOD,0.05521,<LOD,0,<LOD,0.05255,<LOD,0.03457,<LOD,0.03623,<LOD,0.04054,100,3.28588,AL 6063,0,,,,alera,liftgate hinge,Right,154,cheyenne,Pipe,Accept,,4.55254
846430,6,8/26/2025,14:28:14,Alloy,6,No,%,9.163,0.53881,<LOD,0.31729,<LOD,0.05533,<LOD,0.03799,<LOD,0.02996,<LOD,0.01973,<LOD,0.01547,<LOD,0.02648,<LOD,0.01675,<LOD,0.00618,0.00417,0.0007,<LOD,0.0179,<LOD,0.02243,<LOD,0.10151,<LOD,0.1549,<LOD,0.19165,<LOD,0.35573,<LOD,0.64992,<LOD,0.08933,<LOD,0.09494,<LOD,0,<LOD,0.06935,<LOD,0.03893,<LOD,0.03418,<LOD,0.03061,90.83282,0.53889,AL 6063,7.94622,,,,alera,liftgate hinge,Right,155,cheyenne,Pipe,Accept,,7
846430,7,8/26/2025,14:28:28,Alloy,7,No,%,<LOD,0.12103,<LOD,0.04114,<LOD,0.04808,<LOD,0.02235,<LOD,0.0252,<LOD,0.01717,<LOD,0.01157,<LOD,0.02133,<LOD,0.019,<LOD,0.00709,<LOD,0.0124,<LOD,0.01614,<LOD,0.02044,<LOD,0.09283,<LOD,0.13827,<LOD,0.17185,<LOD,0.31385,<LOD,0.56907,<LOD,0.07773,<LOD,0.07285,<LOD,0,<LOD,0.05947,<LOD,0.03148,<LOD,0.03067,<LOD,0.02717,100,3.30266,AL 6063,0,AL 5052,7.53595,alera,liftgate hinge,Right,156,cheyenne,Pipe,Accept,,7
846430,8,8/26/2025,14:28:40,Alloy,8,No,%,<LOD,0.17686,<LOD,0.07536,<LOD,0.04128,<LOD,0.02479,0.12107,0.02025,<LOD,0.02572,<LOD,0.01841,<LOD,0.02435,<LOD,0.02003,<LOD,0.00702,<LOD,0.01188,<LOD,0.01512,<LOD,0.02212,<LOD,0.10268,<LOD,0.15178,<LOD,0.18818,<LOD,0.34755,<LOD,0.63882,<LOD,0.09787,<LOD,0.08459,<LOD,0,<LOD,0.07467,<LOD,0.03354,<LOD,0.02849,<LOD,0.02194,99.87894,0.02025,AL 6063,0,AL 5052,5.40416,alera,liftgate hinge,Right,157,cheyenne,Pipe,Accept,,7
846430,9,8/26/2025,14:28:54,Alloy,9,No,%,<LOD,0.23804,<LOD,0.09348,<LOD,0.06276,<LOD,0.05725,7.32379,0.2947,<LOD,0.14194,<LOD,0.02139,<LOD,0.0246,<LOD,0.02355,<LOD,0.00581,<LOD,0.01204,<LOD,0.01758,<LOD,0.02309,<LOD,0.10258,<LOD,0.15262,<LOD,0.19248,<LOD,0.35958,<LOD,0.65511,<LOD,0.09741,<LOD,0.07341,<LOD,0,<LOD,0.07452,<LOD,0.03831,<LOD,0.02646,<LOD,0.02818,92.67621,0.2947,,,,alera,liftgate hinge,Right,158,cheyenne,Pipe,Accept,,7
846430,10,8/26/2025,14:29:17,Alloy,10,No,%,3.13084,0.44362,<LOD,0.33409,<LOD,0.13581,<LOD,0.12468,4.99847,0.34353,<LOD,0.17439,<LOD,0.03957,<LOD,0.06123,<LOD,0.02942,<LOD,0.01443,<LOD,0.0211,<LOD,0.02805,<LOD,0.03693,<LOD,0.17571,<LOD,0.25859,<LOD,0.32725,<LOD,0.68302,<LOD,1.17829,<LOD,0.24733,<LOD,0.1863,<LOD,0,<LOD,0.17285,<LOD,0.05777,<LOD,0.06855,<LOD,0.0732,91.8707,0.64324,AL 6063,8.7133,AL 5086,8.89183,alera,liftgate hinge,Right,160,cheyenne,Pipe,Accept,,7
